{
  "best_params": {
    "n_estimators": 250,
    "max_depth": 10,
    "learning_rate": 0.08960785365368121,
    "num_leaves": 82,
    "min_child_samples": 19,
    "subsample": 0.662397808134481,
    "colsample_bytree": 0.6232334448672797,
    "reg_alpha": 0.6245760287469893,
    "reg_lambda": 0.002570603566117598
  },
  "best_value": 0.6275922070385015,
  "n_trials": 265,
  "n_complete": 3,
  "n_pruned": 0,
  "n_failed": 262,
  "study_name": "mc_ml_study",
  "duration_seconds": 9.268755912780762,
  "metadata": {
    "study_name": "mc_ml_study",
    "created_at": "2026-01-07T22:39:03.068996",
    "git_commit": "a5f318fb",
    "data_hash": null,
    "feature_set_version": null,
    "notes": null,
    "python_version": "3.11.9 (tags/v3.11.9:de54cf5, Apr  2 2024, 10:12:12) [MSC v.1938 64 bit (AMD64)]",
    "optuna_version": "4.6.0"
  }
}